{
  "p=0.5/checkpoints": [
    16,
    32,
    64,
    128,
    256,
    512,
    1024
  ],
  "p=0.5/median_upper": [
    0.9115,
    0.7585,
    0.682,
    0.63,
    0.592,
    0.5670000000000001,
    0.55
  ],
  "p=0.6/checkpoints": [
    16,
    32,
    64,
    128,
    256,
    512,
    1024
  ],
  "p=0.6/median_upper": [
    1.0,
    0.8414999999999999,
    0.765,
    0.717,
    0.685,
    0.663,
    0.645
  ]
}