{
  "seeds": [
    0,
    1,
    2
  ],
  "with_canaries": [
    0.20140013094246387,
    0.2006069974601269,
    0.2005580524355173
  ],
  "without_canaries": [
    0.19512111403048038,
    0.1949066430181265,
    0.19608193814754485
  ],
  "delta": [
    0.006279016911983487,
    0.005700354442000399,
    0.004476114287972455
  ]
}